mysql> select count(*) from students where gender = '⼥';
+----------+
| count(*) |
+----------+
|        7 |
+----------+
1 row in set (0.00 sec)

mysql> select count(*) from students where gender = '女';
+----------+
| count(*) |
+----------+
|        0 |
+----------+
1 row in set (0.00 sec)
